Timestamp,TransactionHash,BlockNumber,amount,uniqueId
2024-05-03 23:27:59,79fea1688c6adb6d589153dec3a86e23a9499b26916a0c46c0e75716877f2321,19791225,850841859898336955995,000000000000000000000000000000000000000000000000000000000016eebf
2024-05-07 1:21:59,5f382584ac07c0a655acb4988c3852cc994117abe7e17aa0e3922668133a0bb9,19813245,27480677195717901661,000000000000000000000000000000000000000000000000000000000016fa06
2024-05-10 7:28:35,58911c2110e9a2130e4dfacfe02c8a654dd3a50b701f64b945b894289af2e98d,19836511,26164027145707017361,170953
2024-05-11 5:32:59,9872848d8ac9bae6bdf4e85f2e6ca30750b9643cd9027bec5f3147d98827f9a4,19843090,8546123316145707095,0000000000000000000000000000000000000000000000000000000000170dc3
2024-05-14 0:10:23,deda2e220a10037fd96af0e0868a2da874bdc043206777c140186561709cc837,19862946,25383602147978361712,171978
2024-05-21 0:28:47,01d1d5760be959944947cf6ffa74b0a52d9616ef8a0b729241fbafb618286ab7,19913066,64183438125962532968,0000000000000000000000000000000000000000000000000000000000173c3d
2024-05-27 22:30:23,7ab9ce023783115f67bd12fbb267e39faa3544cd6474fb0c56f4a882130765bc,19962559,90270513415989162610,0000000000000000000000000000000000000000000000000000000000175bb3
2024-06-03 23:18:47,c1fe11d784763a3457e8cc91ffb375299cd736561fedf7193a67804798019e58,20012888,91809609736272278736,00000000000000000000000000000000000000000000000000000000001785a6
2024-06-11 1:19:47,21e873f121e4e87b990f5a84247b399fd0d4e9e7856e882171e9b8bb92144fa6,20063625,92061887376014916415,000000000000000000000000000000000000000000000000000000000017a7b7
2024-06-18 0:33:23,401d053073ec0f57e351007e4d735302bf6aff26ed3fbee3df8c99fbccbf5265,20113465,79977505167889323326,000000000000000000000000000000000000000000000000000000000017e899
2024-06-24 19:42:23,9e4dbd61d34a67a96759c9d4195cc499f5e3bee63b3942013db124954f83c28b,20162059,49764993654766344158,000000000000000000000000000000000000000000000000000000000018234e
2024-07-01 20:30:11,5513733cfd24f8ca54f1949392d8fc46566c85d72066144a0dfd63d1050e2788,20212422,40860815859563867361,0000000000000000000000000000000000000000000000000000000000184f6b
2024-07-08 12:14:11,b3f0720cb8cf6ffa05dbeaa7eafd18332b861fe4690b3c027166efefd532bd04,20260084,37331482772735026029,00000000000000000000000000000000000000000000000000000000001873c6
2024-07-15 19:15:59,5b87023d5e9904b1cb0376a6f357d68a4297b6abb6ad971f01e31f9aeb88ba8e,20312298,45851305400012852493,00000000000000000000000000000000000000000000000000000000001899c7
2024-07-22 20:27:11,277d80fb80962e82da680adfed104534678fd9c67379a6de555254f5cac730c9,20362810,42166299710722595806,000000000000000000000000000000000000000000000000000000000018be9d
2024-07-29 20:29:47,faea1436ae6755299671287f91b526e3b6b352a8455819d0dc018cc56bd93c05,20412974,39046222151756545045,1.80E+89
2024-08-05 16:29:23,46f6a68977b342c4ac305051cae84b36e3a49f41817795110ccea265d2613527,20463565,48349822776124077840,190667
2024-08-13 23:07:23,a55e8bcf7b2daa3d7227f7ca2d6d3832a47b5556700e0d147a4f3208bdfbb8ec,20522884,37285213276002045615,000000000000000000000000000000000000000000000000000000000019317e
2024-08-19 16:01:23,50fb6dd95c858b07621fae5d28bd43e04a90c412e4649eb8ee17ac52edbfd2db,20563733,28493454513097387797,0000000000000000000000000000000000000000000000000000000000194c99
2024-08-26 17:17:23,74b7ab3de6fe635bda1945b6b32a1abf7c114b88c887aecdb825346e68f7ff99,20614205,34157078339280870731,0000000000000000000000000000000000000000000000000000000000196f62
2024-09-02 2:37:59,ce05f93c6c61b82539ba82db41c5ac222699bcc408d4f65872fc23f917277f30,20659946,29213729792944222699,0000000000000000000000000000000000000000000000000000000000198c5a
2024-09-10 2:43:11,ef1f7043cbec0e77346dbf3264177ec6d7c8a19ddab5f786f58c04d4d0776250,20717307,43173829969640349739,000000000000000000000000000000000000000000000000000000000019b080
2024-09-20 1:46:59,1aaf5f780716d47a34a3b7eedfb6f97bcce451a66e6ee43650fe703fc42abb3e,20788614,58286661903003121296,000000000000000000000000000000000000000000000000000000000019d73d
2024-09-23 21:09:35,502c952a1ffdbacdae292c91b3141410e84e97d21379eb78566a5f4fdb4196d7,20815878,24477283230253544713,000000000000000000000000000000000000000000000000000000000019e6fe
2024-09-30 14:40:59,95914fa103f7aa6330c524ce087528dc9605702741097921a0336d4517f8f81e,20864130,39819237605991092327,00000000000000000000000000000000000000000000000000000000001a0241
2024-10-07 20:35:47,90ed8e7ff5d3e654c1f08836e5e4a1296b788156ebbd7f4eec2f0c08baa60186,20916112,37606524471158880261,00000000000000000000000000000000000000000000000000000000001a1ef5
2024-10-14 15:54:59,238d506b853a464917b6d6db1944ff6016d2fc49d67c3164b5d4df87f5b775bd,20964830,39762290003477407235,00000000000000000000000000000000000000000000000000000000001a3a98
2024-10-18 0:18:47,a89b0e09eff05089cf51f828dfa5239ea1d95436450953f2dab2cdf3f97ccde7,20988818,16061697712531699927,00000000000000000000000000000000000000000000000000000000001a4a9a
2024-10-18 14:56:47,24c89f79a52ef6d1dc18a78a99d79eef0dd771cc2d3adc82ea746b54cbfbf77f,20993189,5313496779533763625,00000000000000000000000000000000000000000000000000000000001a4d58
2024-10-22 0:01:23,f9106abf989497ea21f18bbf0b03812712216b772764663ec84c463444e79c16,21017408,15325705087108514201,00000000000000000000000000000000000000000000000000000000001a5b7b
2024-10-25 15:42:11,09a1ab964656ecfa327cbfb9e14d071e113ae9a60945b58a76f1e7dc4cb54dfc,21043594,20938328972725629723,00000000000000000000000000000000000000000000000000000000001a6d16
2024-11-01 15:27:23,53358e1c63e396b81991a8441a9f770aed6112afaffbfc661eaad47ccae16731,21093689,34872015968999387757,00000000000000000000000000000000000000000000000000000000001a8b88
2024-11-08 17:03:23,bfc7c8a2ed1f0f33ed1d851707fc0a99beb52f4f4d6924f6592d149d3bb87dfa,21144293,35422671767348792295,00000000000000000000000000000000000000000000000000000000001aac29
2024-11-15 21:14:23,09920a886243139559ff852019dfcb309ebae04db9bfccff39de0d6f13bd2c0f,21195706,37423631574465435792,00000000000000000000000000000000000000000000000000000000001acfb9
2024-11-17 3:28:35,f1ec7f650b3aa3425f62ed233298e7557440b4bdcdbd4d84344deec73b2a4cc8,21204741,4976568117246885432,00000000000000000000000000000000000000000000000000000000001ad53c
2024-11-22 22:02:47,a1830310f1997593cef2abbf5f00eb50932ea80207302589d292b8652cf71d72,21246127,28632461629083019113,00000000000000000000000000000000000000000000000000000000001af10f
2024-11-30 15:30:47,ea6bd68970cc28a82613bb16cc37f9e996dfad1eef2c1e6b4506914acbd98620,21301400,36642624532909622028,00000000000000000000000000000000000000000000000000000000001b1af1
2024-12-06 16:33:59,3ad1d9f5004fc80a953a1175babb32731da44b6e953759315d29d94ca46d1b61,21344677,28348939178571165646,00000000000000000000000000000000000000000000000000000000001b3e78
2024-12-14 0:31:47,72ceced0f2fd5d199f9c5cbdb7fa285ea741c334bb66767771117eeb93b91fa1,21397188,30548075828051801224,00000000000000000000000000000000000000000000000000000000001b654e
2024-12-20 19:30:47,68a9d10c6ba0ded2e3a2da7d65b56db757b30d0fe23749fa255bfcc794d459c1,21445832,27404791312975521473,00000000000000000000000000000000000000000000000000000000001b8fcb
2024-12-27 17:42:23,acbc6f9b295d64bd035d44bf453fa83bc401a1d2ea220d5c94333e188e163f19,21495359,25477767309147569634,00000000000000000000000000000000000000000000000000000000001bb1ee
2025-01-03 16:43:23,8f97f21116a79b9066c7960964fd0f2698d3f174a9c6451eacca981678334ae1,21545225,23789476422305717439,00000000000000000000000000000000000000000000000000000000001bcf38
2025-01-09 16:20:11,358e0fa883c2895a35903a41fe1297bd5fd56a8f781555ca1b6a83ef0f3b9905,21588070,20305082115928774549,00000000000000000000000000000000000000000000000000000000001be91f
2025-01-17 16:09:35,e51406639ef0c7d17639cd6b410f02abb12914021c015d3a304b6b158d1b0a08,21645311,25851144814860146505,00000000000000000000000000000000000000000000000000000000001c0c40
2025-01-24 15:10:11,6ffb1499066de272b4899d8605e184c7b8fe8addae4ba3da9e9b0c66ce22d82a,21695167,25222000448109862216,00000000000000000000000000000000000000000000000000000000001c3b04
2025-02-01 19:21:35,f5b0994a1da19e6cfc27fa3de125a27dafd598afd9aafcc581ffc5d8dec51ae0,21753725,25212565518239308199,00000000000000000000000000000000000000000000000000000000001c5c1d
2025-02-10 16:06:23,51a911f92292144d1329f48cefef59d4bcea12286c577f470d7534a3a85cd772,21817203,38847596117834764637,00000000000000000000000000000000000000000000000000000000001c8328